id,type,grade,condition,price,stock,available,image
engine-endurance-100,engine,endurance,100,15680,20,true,assets/art/engine.webp
engine-endurance-75,engine,endurance,75,12936,8,true,assets/art/engine.webp
engine-endurance-50,engine,endurance,50,10192,8,true,assets/art/engine.webp
engine-standard-100,engine,standard,100,14000,20,true,assets/art/engine.webp
engine-standard-75,engine,standard,75,11550,8,true,assets/art/engine.webp
engine-standard-50,engine,standard,50,9100,8,true,assets/art/engine.webp
engine-racing-100,engine,racing,100,24500,20,true,assets/art/engine.webp
engine-racing-75,engine,racing,75,20213,8,true,assets/art/engine.webp
engine-racing-50,engine,racing,50,15925,8,true,assets/art/engine.webp
transmission-endurance-100,transmission,endurance,100,11200,20,true,assets/art/transmission.webp
transmission-endurance-75,transmission,endurance,75,9240,8,true,assets/art/transmission.webp
transmission-endurance-50,transmission,endurance,50,7280,8,true,assets/art/transmission.webp
transmission-standard-100,transmission,standard,100,10000,20,true,assets/art/transmission.webp
transmission-standard-75,transmission,standard,75,8250,8,true,assets/art/transmission.webp
transmission-standard-50,transmission,standard,50,6500,8,true,assets/art/transmission.webp
transmission-racing-100,transmission,racing,100,17500,20,true,assets/art/transmission.webp
transmission-racing-75,transmission,racing,75,14438,8,true,assets/art/transmission.webp
transmission-racing-50,transmission,racing,50,11375,8,true,assets/art/transmission.webp
suspension-endurance-100,suspension,endurance,100,8960,20,true,assets/art/suspension.webp
suspension-endurance-75,suspension,endurance,75,7392,8,true,assets/art/suspension.webp
suspension-endurance-50,suspension,endurance,50,5824,8,true,assets/art/suspension.webp
suspension-standard-100,suspension,standard,100,8000,20,true,assets/art/suspension.webp
suspension-standard-75,suspension,standard,75,6600,8,true,assets/art/suspension.webp
suspension-standard-50,suspension,standard,50,5200,8,true,assets/art/suspension.webp
suspension-racing-100,suspension,racing,100,14000,20,true,assets/art/suspension.webp
suspension-racing-75,suspension,racing,75,11550,8,true,assets/art/suspension.webp
suspension-racing-50,suspension,racing,50,9100,8,true,assets/art/suspension.webp
tyres-endurance-100,tyres,endurance,100,3920,20,true,assets/art/tyres.webp
tyres-endurance-75,tyres,endurance,75,3234,8,true,assets/art/tyres.webp
tyres-endurance-50,tyres,endurance,50,2548,8,true,assets/art/tyres.webp
tyres-standard-100,tyres,standard,100,3500,20,true,assets/art/tyres.webp
tyres-standard-75,tyres,standard,75,2888,8,true,assets/art/tyres.webp
tyres-standard-50,tyres,standard,50,2275,8,true,assets/art/tyres.webp
tyres-racing-100,tyres,racing,100,6125,20,true,assets/art/tyres.webp
tyres-racing-75,tyres,racing,75,5053,8,true,assets/art/tyres.webp
tyres-racing-50,tyres,racing,50,3981,8,true,assets/art/tyres.webp
cooling-endurance-100,cooling,endurance,100,6720,20,true,assets/art/cooling.webp
cooling-endurance-75,cooling,endurance,75,5544,8,true,assets/art/cooling.webp
cooling-endurance-50,cooling,endurance,50,4368,8,true,assets/art/cooling.webp
cooling-standard-100,cooling,standard,100,6000,20,true,assets/art/cooling.webp
cooling-standard-75,cooling,standard,75,4950,8,true,assets/art/cooling.webp
cooling-standard-50,cooling,standard,50,3900,8,true,assets/art/cooling.webp
cooling-racing-100,cooling,racing,100,10500,20,true,assets/art/cooling.webp
cooling-racing-75,cooling,racing,75,8663,8,true,assets/art/cooling.webp
cooling-racing-50,cooling,racing,50,6825,8,true,assets/art/cooling.webp
brakes-endurance-100,brakes,endurance,100,5040,20,true,assets/art/brakes.webp
brakes-endurance-75,brakes,endurance,75,4158,8,true,assets/art/brakes.webp
brakes-endurance-50,brakes,endurance,50,3276,8,true,assets/art/brakes.webp
brakes-standard-100,brakes,standard,100,4500,20,true,assets/art/brakes.webp
brakes-standard-75,brakes,standard,75,3713,8,true,assets/art/brakes.webp
brakes-standard-50,brakes,standard,50,2925,8,true,assets/art/brakes.webp
brakes-racing-100,brakes,racing,100,7875,20,true,assets/art/brakes.webp
brakes-racing-75,brakes,racing,75,6497,8,true,assets/art/brakes.webp
brakes-racing-50,brakes,racing,50,5119,8,true,assets/art/brakes.webp
