id,name,salary,efficiency,available,image,age,form,morale,traits
elena,Elena Ríos,3200,1.16,true,assets/art/elena.webp,29,85,80,part:engine
tomas,Tomás Leiva,2800,1.1,true,assets/art/tomas.webp,30,84,79,part:transmission
nora,Nora Salvatierra,3900,1.28,true,assets/art/nora.webp,31,83,78,part:suspension
omar,Omar Medina,4100,1.32,true,assets/art/omar.webp,32,82,77,part:tyres
eva,Eva Costa,3600,1.22,true,assets/art/eva.webp,33,81,76,part:cooling
leo,Leo Torres,2900,1.12,true,assets/art/leo.webp,34,80,75,part:brakes
emma,Emma Paz,3400,1.2,true,assets/art/emma.webp,35,79,74,part:engine
ivan,Iván Soler,4400,1.38,true,assets/art/ivan.webp,36,78,73,part:transmission
ramon,Ramón Acosta,3200,1.12,true,assets/art/ramon.webp,37,77,72,part:suspension
valeria,Valeria Ortiz,4600,1.3,true,assets/art/valeria.webp,38,76,71,part:tyres
gabriel,Gabriel Ruiz,3900,1.2,true,assets/art/gabriel.webp,39,75,70,part:cooling
pilar,Pilar Serrano,5100,1.36,true,assets/art/pilar.webp,40,74,80,part:brakes
oscar,Óscar Méndez,2900,1.06,true,assets/art/oscar.webp,41,73,79,part:engine
renata,Renata Costa,4200,1.24,true,assets/art/renata.webp,42,85,78,part:transmission
hugo,Hugo Benítez,5600,1.42,true,assets/art/hugo.webp,43,84,77,part:suspension
amira,Amira Haddad,4800,1.33,true,assets/art/amira.webp,44,83,76,part:tyres
esteban,Esteban Rojas,3700,1.17,true,assets/art/esteban.webp,45,82,75,part:cooling
jun,Jun Tanaka,6100,1.5,true,assets/art/jun.webp,46,81,74,part:brakes
fatima,Fátima Mansour,4400,1.27,true,assets/art/fatima.webp,47,80,73,part:engine
diego,Diego Molina,3500,1.15,true,assets/art/diego.webp,29,79,72,part:transmission
leila,Leila Farah,5300,1.39,true,assets/art/leila.webp,30,78,71,part:suspension
carlos,Carlos Duarte,3100,1.1,true,assets/art/carlos.webp,31,77,70,part:tyres
mara,Mara Novák,4900,1.34,true,assets/art/mara.webp,32,76,80,part:cooling
samuel,Samuel Okoro,5800,1.46,true,assets/art/samuel.webp,33,75,79,part:brakes
beatriz,Beatriz Salas,4100,1.22,true,assets/art/beatriz.webp,34,74,78,part:engine
pavel,Pavel Sokol,4700,1.31,true,assets/art/pavel.webp,35,73,77,part:transmission
anika,Anika Meier,6300,1.55,true,assets/art/anika.webp,36,85,76,part:suspension
marcos,Marcos Vidal,3400,1.14,true,assets/art/marcos.webp,37,84,75,part:tyres
